{"Loss/Step Loss": 0.01713576167821884, "Process/Step": 1968, "Loss/Train Loss (Step)": 0.011762725663507676, "Process/Epoch": 0, "_timestamp": 1650882166, "_runtime": 336, "_step": 1967, "_wandb": {"runtime": 333}}