{"Loss/Step Loss": 0.021723099052906036, "Process/Step": 100, "Loss/Train Loss (Step)": 0.00819818742883702, "Process/Epoch": 0, "_timestamp": 1651225693, "_runtime": 52, "_step": 99, "_wandb": {"runtime": 48}}