{"Loss/Step Loss": 0.02456071972846985, "Process/Step": 39, "Loss/Train Loss (Step)": 0.007644048156455541, "Process/Epoch": 0, "_runtime": 225, "_timestamp": 1652337917, "_step": 38, "_wandb": {"runtime": 225}}