{"Loss/Step Loss": 0.020433004945516586, "Process/Step": 806, "Loss/Train Loss (Step)": 0.012092845451731522, "Process/Epoch": 0, "_timestamp": 1651991138, "_runtime": 222, "_step": 805, "_wandb": {"runtime": 218}}