{"Loss/Step Loss": 0.02041402831673622, "Process/Step": 289, "Loss/Train Loss (Step)": 0.01790830901434007, "Process/Epoch": 0, "_timestamp": 1650887943, "_runtime": 65, "_step": 288, "_wandb": {"runtime": 61}}