{"wLoss/Step_Loss": 0.038369107991456985, "wProcess/Step": 36, "wLoss/Train_Loss_(Step)": 0.053407752343143024, "wProcess/Epoch": 0, "_timestamp": 1650888122, "_runtime": 16, "_step": 35, "_wandb": {"runtime": 14}}