{"Loss/Step Loss": 0.019347133114933968, "Process/Step": 1652, "Loss/Train Loss (Step)": 0.011965993761093995, "Process/Epoch": 0, "_timestamp": 1650846261, "_runtime": 270, "_step": 1651, "_wandb": {"runtime": 269}}