{"Loss/Step_Loss": 0.018300533294677734, "Process/Step": 2083, "Loss/Train_Loss_(Step)": 0.011688444760962927, "Process/Epoch": 0, "_timestamp": 1650890078, "_runtime": 374, "_step": 2082, "_wandb": {"runtime": 371}}