{"Loss/Step Loss": 0.019600816071033478, "Process/Step": 147, "Loss/Train Loss (Step)": 0.022392098643012396, "Process/Epoch": 0, "_timestamp": 1650887735, "_runtime": 39, "_step": 146, "_wandb": {"runtime": 36}}