{"Loss/Step_Loss": 0.022090155631303787, "Process/Step": 284, "Loss/Train_Loss_(Step)": 0.017705960791151394, "Process/Epoch": 0, "_timestamp": 1650888401, "_runtime": 62, "_step": 283, "_wandb": {"runtime": 59}}