{"wLoss/Step_Loss": 0.023028606548905373, "wProcess/Step": 64, "wLoss/Train_Loss_(Step)": 0.03807945125299739, "wProcess/Epoch": 0, "_timestamp": 1650888078, "_runtime": 21, "_step": 63, "_wandb": {"runtime": 19}}