{"Loss/Step_Loss": 0.01769085042178631, "Process/Step": 33, "Loss/Train_Loss_(Step)": 0.05990117434130022, "Process/Epoch": 0, "_timestamp": 1650888009, "_runtime": 16, "_step": 32, "_wandb": {"runtime": 13}}