{"Loss/Step Loss": 0.008887380361557007, "Process/Step": 8660, "Loss/Train Loss (Step)": 0.00029902342631468574, "Process/Epoch": 19, "_runtime": 9547, "_timestamp": 1656006210, "_step": 8921, "Process/Learning Rate": 1.0000000000000004e-08, "Loss/Validation Loss": 0.004792218096554279, "Accuracy/Validation Correct": 0.0, "Accuracy/Correct %": 0.0, "Gender": [0.0, 0.0, 1.0, 0.0, 0.0, 0.0, 0.0, 0.0, 1.0, 1.0, 0.0, 1.0, 1.0, 1.0, 1.0, 0.0, 0.0, 1.0, 0.0], "Age": {"True": [94.0, 156.0, 204.0, 120.0, 69.0, 204.0, 106.0, 100.0, 156.0, 150.0, 94.0, 120.0, 138.0, 96.0, 165.0, 120.0, 100.0, 62.0, 100.0], "Pred": [120.7889633178711, 134.19654846191406, 204.48216247558594, 96.61650085449219, 103.24408721923828, 173.03981018066406, 123.46045684814453, 108.31970977783203, 151.4563446044922, 155.87879943847656, 117.37445831298828, 125.35567474365234, 121.4461669921875, 74.6372299194336, 152.9700927734375, 121.34241485595703, 84.61497497558594, 110.64785766601562, 120.54774475097656]}, "Loss/Train Loss": 0.00029902342631468574, "Loss/Epoch Loss": 0.00029902342631468574, "Loss/Validation Loss (Epoch)": 0.004792218096554279, "Results/Evaluation First Loss": 0.01245090365409851, "Results/Evaluation Second Loss (MSE)": 0.012450900860130787, "Results/Evaluation Third Loss (MAE)": 0.08002535998821259, "Results/Evaluation Age Loss (MSE)": 549.0846557617188, "Results/Evaluation Age Loss (MAE)": 16.805326461791992, "Results/Evaluation Accuracy": 0.0, "Results/Evaluation Correct": 0, "Results/True Age All": {"_type": "histogram", "values": [1, 2, 2, 2, 0, 3, 1, 4, 2, 7, 1, 7, 7, 5, 4, 7, 7, 5, 11, 8, 19, 10, 18, 16, 10, 8, 7, 6, 6, 8, 5, 1], "bins": [11.0, 17.21875, 23.4375, 29.65625, 35.875, 42.09375, 48.3125, 54.53125, 60.75, 66.96875, 73.1875, 79.40625, 85.625, 91.84375, 98.0625, 104.28125, 110.5, 116.71875, 122.9375, 129.15625, 135.375, 141.59375, 147.8125, 154.03125, 160.25, 166.46875, 172.6875, 178.90625, 185.125, 191.34375, 197.5625, 203.78125, 210.0]}, "Results/Pred Age All": {"_type": "histogram", "values": [3, 0, 3, 1, 0, 3, 0, 0, 1, 3, 5, 5, 3, 5, 2, 6, 5, 11, 9, 14, 16, 15, 25, 14, 16, 12, 12, 4, 4, 0, 0, 3], "bins": [28.185041427612305, 33.322616159915924, 38.46019089221954, 43.59776562452316, 48.73534035682678, 53.8729150891304, 59.01048982143402, 64.14806455373764, 69.28563928604126, 74.42321401834488, 79.5607887506485, 84.69836348295212, 89.83593821525574, 94.97351294755936, 100.11108767986298, 105.2486624121666, 110.38623714447021, 115.52381187677383, 120.66138660907745, 125.79896134138107, 130.9365360736847, 136.0741108059883, 141.21168553829193, 146.34926027059555, 151.48683500289917, 156.6244097352028, 161.7619844675064, 166.89955919981003, 172.03713393211365, 177.17470866441727, 182.3122833967209, 187.4498581290245, 192.58743286132812]}, "Results/Step All": [0, 1, 2, 3, 4, 5, 6, 7, 8, 9, 10, 11, 12, 13, 14, 15, 16, 17, 18, 19, 20, 21, 22, 23, 24, 25, 26, 27, 28, 29, 30, 31, 32, 33, 34, 35, 36, 37, 38, 39, 40, 41, 42, 43, 44, 45, 46, 47, 48, 49, 50, 51, 52, 53, 54, 55, 56, 57, 58, 59, 60, 61, 62, 63, 64, 65, 66, 67, 68, 69, 70, 71, 72, 73, 74, 75, 76, 77, 78, 79, 80, 81, 82, 83, 84, 85, 86, 87, 88, 89, 90, 91, 92, 93, 94, 95, 96, 97, 98, 99, 100, 101, 102, 103, 104, 105, 106, 107, 108, 109, 110, 111, 112, 113, 114, 115, 116, 117, 118, 119, 120, 121, 122, 123, 124, 125, 126, 127, 128, 129, 130, 131, 132, 133, 134, 135, 136, 137, 138, 139, 140, 141, 142, 143, 144, 145, 146, 147, 148, 149, 150, 151, 152, 153, 154, 155, 156, 157, 158, 159, 160, 161, 162, 163, 164, 165, 166, 167, 168, 169, 170, 171, 172, 173, 174, 175, 176, 177, 178, 179, 180, 181, 182, 183, 184, 185, 186, 187, 188, 189, 190, 191, 192, 193, 194, 195, 196, 197, 198, 199], "Results/True Age": 210.0, "Results/Pred Age": 166.6785888671875, "Results/Step": 199, "_wandb": {"runtime": 9546}}