{"Loss/Step Loss": 0.0165244210511446, "Process/Step": 429, "Loss/Train Loss (Step)": 0.015415152812719622, "Process/Epoch": 0, "_timestamp": 1650881673, "_runtime": 81, "_step": 428, "_wandb": {"runtime": 78}}