{"Loss/Step Loss": 0.016709091141819954, "Process/Step": 1011, "Loss/Train Loss (Step)": 0.012359238800368872, "Process/Epoch": 0, "_timestamp": 1650845615, "_runtime": 171, "_step": 1010, "_wandb": {"runtime": 168}}