{"Loss/Step Loss": 0.018956126645207405, "Process/Step": 264, "Loss/Train Loss (Step)": 0.0575385914963783, "Process/Epoch": 0, "_timestamp": 1651235371, "_runtime": 55, "_step": 263, "_wandb": {"runtime": 53}}