{"Loss/Step Loss": 0.024495266377925873, "Process/Step": 1096, "Loss/Train Loss (Step)": 0.012660795862677704, "Process/Epoch": 0, "_timestamp": 1650883816, "_runtime": 193, "_step": 1095, "_wandb": {"runtime": 189}}