{"wLoss/Step_Loss": 0.03341692313551903, "wProcess/Step": 502, "wLoss/Train_Loss_(Step)": 0.015102320817295477, "wProcess/Epoch": 0, "_timestamp": 1650888246, "_runtime": 93, "_step": 501, "_wandb": {"runtime": 90}}